{"file:///D:/web/noha/site":{"assets/images/mbr-170x128.jpg":"2Grul3wNYNw9KMXSVGY7dA==","assets/images/logo-noah-1400x835.png":"ytJdKfHgGZxhUinyuS5uCQ==","assets/images/drevena-konstrukcia-2000x1328.jpg":"sAwDmEWfzgka0CDFQxqn8g==","assets/images/mbr-1-2000x1333.jpg":"CZX8lVOWK2lOxWqbPZNEwQ==","assets/images/mbr-2000x1333.jpg":"wKhAEpQt4unKmzzAULp6Iw==","assets/images/logo.png":"aW1rnTfd2HATLLNHU9vS1Q==","assets/images/logo4.png":"aW1rnTfd2HATLLNHU9vS1Q==","assets/images/mbr-192x128.jpg":"d7HNMGNa2YDyKmmmYnzH/Q==","assets/images/duk.gif":"XvGqi5h9vSPR8ucmhhmoIg==","assets/images/konstrukcia-difu-400x400.jpg":"p5/y0XeiFhdfO/hZ6MmfwA==","assets/images/konstrukcia-difu-fasda-400x400.jpg":"r/Ov5EdVz0Bp4d8b4uaNwg==","assets/images/hashes.json":"1z9flOIM0MpuaCibln4jjA==","assets/web/assets/jquery/jquery.min.js":"V5Dq1607onOXrt+j0mO4Zw==","assets/bootstrap/css/bootstrap.min.css":"NM5JRjudBrjMToddUDgMUQ==","assets/bootstrap/js/bootstrap.min.js":"DKdxssbVVAIdzBwBzcd+9g==","assets/tether/tether.min.css":"YhVaOUjL8Xsb9LQHyQq4Tw==","assets/tether/tether.min.js":"PlC291/0Eo8keLHUT4D9+w==","assets/smooth-scroll/smooth-scroll.js":"sRi73GM2x3NuOKr5/nru3A==","assets/jarallax/jarallax.js":"zRNdJ2uAwjSxEot0s1di4g==","assets/dropdown/css/style.css":"Ce59LMcqoZIThvM1sCMFhA==","assets/dropdown/js/script.min.js":"XKwdlgq/KqgA8/xiKfaAVw==","assets/touch-swipe/jquery.touch-swipe.min.js":"9g/wVGnRdXmW2F9BctT/TQ==","assets/formoid/formoid.min.js":"524auFsP6JR6lpzo5Xmk4A==","assets/web/assets/mobirise-icons/mobirise-icons.css":"s/BUXPbtEYmXfC+cIYhisg==","assets/web/assets/mobirise-icons/mobirise-icons.eot":"ena7UHntSfF43JW84LS7sg==","assets/web/assets/mobirise-icons/mobirise-icons.svg":"RV5n/uyfqaayQMn0l90rcw==","assets/web/assets/mobirise-icons/mobirise-icons.ttf":"O4oJmjQYQffbqv7XRunBJQ==","assets/web/assets/mobirise-icons/mobirise-icons.woff":"4ssReEkmPjuI3gbt+6t1Eg==","assets/icon54/style.css":"kuM1dILEfAEeig5T4KyIxg==","assets/icon54/fonts/icon54.eot":"+ydlGz8VElf+RcQO03rHXA==","assets/icon54/fonts/icon54.svg":"nSFmRMJdVi7NmSWBoba37g==","assets/icon54/fonts/icon54.woff":"enGEa7ARF3DCjLlwzcfbHg==","assets/icon54-v2/style.css":"W2rioB54qooYicKYpVoiCA==","assets/icon54/fonts/icon54.ttf":"zcar1eUERU8App3Lyv305Q==","assets/icon54-v2/fonts/icon54-v2.eot":"qBJ8iTdswmGPWvXIkKz22g==","assets/icon54-v2/fonts/icon54-v2.svg":"zBoPK0jvVkwLCuOnBnkYvA==","assets/icon54-v2/fonts/icon54-v2.ttf":"PXPCDBO3IJJkoldUKkIO2Q==","assets/icon54-v2/fonts/icon54-v2.woff":"4bveMk9YO4YzsLZL7ov88w==","assets/images/mbr-2000x1350.jpg":"CbE+e2klhOpLRAA/K6O6yw==","assets/images/mbr-2-2000x1333.jpg":"awZgH0Lz8r6640U03CvbNw==","assets/images/logo6.png":"aW1rnTfd2HATLLNHU9vS1Q==","assets/icons-mind/style.css":"y3ectoEZM0bAx7o5vJdf2A==","assets/icons-mind/fonts/icons-mind.eot":"WpPKNwwX36PLnSbV+ZNxaw==","assets/icons-mind/fonts/icons-mind.svg":"UJv5Tus6vAzrJ8g97FJ+kg==","assets/icons-mind/fonts/icons-mind.ttf":"8ECTN870yqiR8BqDPK9z0A==","assets/icons-mind/fonts/icons-mind.woff":"KGRGnA6KhEF/MY7iysVLBA=="}}