{"sAwDmEWfzgka0CDFQxqn8g==":"drevena-konstrukcia-2000x1328.jpg","ytJdKfHgGZxhUinyuS5uCQ==":"logo-noah-1400x835.png","wKhAEpQt4unKmzzAULp6Iw==":"mbr-2000x1333.jpg","CZX8lVOWK2lOxWqbPZNEwQ==":"mbr-1-2000x1333.jpg","XvGqi5h9vSPR8ucmhhmoIg==":"duk.gif","EQzJqTe/zlXpdzXDujNs0A==":"dok.gif","p5/y0XeiFhdfO/hZ6MmfwA==":"konstrukcia_difu-400x400.jpg","9jiG28Bc1yRgCapmxAqkzg==":"konstrukcia_standard-400x400.jpg","wYVkYN9qjc7VvtcvlCfYIQ==":"konstrukcia_difu_omietka-400x400.jpg","r/Ov5EdVz0Bp4d8b4uaNwg==":"konstrukcia_difu_fasda-400x400.jpg","d7HNMGNa2YDyKmmmYnzH/Q==":"mbr-192x128.jpg","2Grul3wNYNw9KMXSVGY7dA==":"mbr-170x128.jpg","CbE+e2klhOpLRAA/K6O6yw==":"mbr-2000x1350.jpg","awZgH0Lz8r6640U03CvbNw==":"mbr-2-2000x1333.jpg"}